datetime,count
2011-01-17 00:00:00,23.415
2011-01-17 01:00:00,17.233
2011-01-17 02:00:00,13.543
2011-01-17 03:00:00,5.646
2011-01-17 04:00:00,4.075
2011-01-17 05:00:00,4.395
2011-01-17 06:00:00,20.755
2011-01-17 07:00:00,47.039
2011-01-17 08:00:00,103.486
2011-01-17 09:00:00,73.676
2011-01-17 10:00:00,53.978
2011-01-17 11:00:00,55.367
2011-01-17 12:00:00,70.581
2011-01-17 13:00:00,70.891
2011-01-17 14:00:00,70.12
2011-01-17 15:00:00,70.244
2011-01-17 16:00:00,82.43
2011-01-17 17:00:00,119.781
2011-01-17 18:00:00,113.901
2011-01-17 19:00:00,73.837
2011-01-17 20:00:00,50.098
2011-01-17 21:00:00,41.313
2011-01-17 22:00:00,28.889
2011-01-17 23:00:00,22.015
2011-01-18 12:00:00,59.077
2011-01-18 13:00:00,58.51
2011-01-18 14:00:00,59.905
2011-01-18 15:00:00,60.271
2011-01-18 16:00:00,74.867
2011-01-18 17:00:00,150.32
2011-01-18 18:00:00,147.585
2011-01-18 19:00:00,106.298
2011-01-18 20:00:00,66.396
2011-01-18 21:00:00,53.18
2011-01-18 22:00:00,34.096
2011-01-18 23:00:00,23.363
2011-01-19 00:00:00,9.053
2011-01-19 01:00:00,5.752
2011-01-19 02:00:00,3.634
2011-01-19 04:00:00,1.958
2011-01-19 05:00:00,5.116
2011-01-19 06:00:00,24.732
2011-01-19 07:00:00,72.553
2011-01-19 08:00:00,163.436
2011-01-19 09:00:00,113.848
2011-01-19 10:00:00,60.697
2011-01-19 11:00:00,59.398
2011-01-19 12:00:00,71.624
2011-01-19 13:00:00,75.42
2011-01-19 14:00:00,72.458
2011-01-19 15:00:00,71.898
2011-01-19 16:00:00,95.72
2011-01-19 17:00:00,195.881
2011-01-19 18:00:00,181.189
2011-01-19 19:00:00,111.197
2011-01-19 20:00:00,73.126
2011-01-19 21:00:00,59.869
2011-01-19 22:00:00,40.551
2011-01-19 23:00:00,32.115
2011-02-17 00:00:00,15.065
2011-02-17 01:00:00,6.958
2011-02-17 02:00:00,4.594
2011-02-17 03:00:00,2.934
2011-02-17 04:00:00,1.955
2011-02-17 05:00:00,4.405
2011-02-17 06:00:00,30.595
2011-02-17 07:00:00,105.974
2011-02-17 08:00:00,241.513
2011-02-17 09:00:00,122.835
2011-02-17 10:00:00,72.111
2011-02-17 11:00:00,86.417
2011-02-17 12:00:00,119.913
2011-02-17 13:00:00,123.07
2011-02-17 14:00:00,120.084
2011-02-17 15:00:00,121.851
2011-02-17 16:00:00,150.79
2011-02-17 17:00:00,320.306
2011-02-17 18:00:00,286.019
2011-02-17 19:00:00,216.5
2011-02-17 20:00:00,170.634
2011-02-17 21:00:00,145.864
2011-02-17 22:00:00,111.95
2011-02-17 23:00:00,48.352
2011-02-18 00:00:00,36.407
2011-02-18 01:00:00,17.922
2011-02-18 02:00:00,9.899
2011-02-18 03:00:00,6.705
2011-02-18 04:00:00,7.155
2011-02-18 05:00:00,5.895
2011-02-18 06:00:00,32.087
2011-02-18 07:00:00,107.082
2011-02-18 08:00:00,234.44
2011-02-18 09:00:00,123.466
2011-02-18 10:00:00,89.71
2011-02-18 11:00:00,96.936
2011-02-18 12:00:00,196.006
2011-02-18 13:00:00,207.277
2011-02-18 14:00:00,206.182
2011-02-18 15:00:00,208.848
2011-02-18 16:00:00,223.45
2011-02-18 17:00:00,330.024
2011-02-18 18:00:00,319.643
2011-02-18 19:00:00,279.554
2011-02-18 20:00:00,186.326
2011-02-18 21:00:00,156.337
2011-02-18 22:00:00,113.111
2011-02-18 23:00:00,114.868
2011-02-19 00:00:00,42.708
2011-02-19 01:00:00,30.095
2011-02-19 02:00:00,26.446
2011-02-19 03:00:00,19.823
2011-02-19 04:00:00,5.739
2011-02-19 05:00:00,5.43
2011-02-19 06:00:00,11.312
2011-02-19 07:00:00,28.507
2011-02-19 08:00:00,46.694
2011-02-19 09:00:00,68.865
2011-02-19 10:00:00,125.292
2011-02-19 11:00:00,139.757
2011-02-19 12:00:00,148.747
2011-02-19 13:00:00,153.059
2011-02-19 14:00:00,160.294
2011-02-19 15:00:00,158.057
2011-02-19 16:00:00,152.816
2011-02-19 17:00:00,148.28
2011-02-19 18:00:00,129.576
2011-02-19 19:00:00,103.357
2011-02-19 20:00:00,79.204
2011-02-19 21:00:00,69.318
2011-02-19 22:00:00,51.119
2011-02-19 23:00:00,34.292
2011-03-17 00:00:00,15.304
2011-03-17 01:00:00,9.412
2011-03-17 02:00:00,4.873
2011-03-17 03:00:00,3.006
2011-03-17 04:00:00,2.684
2011-03-17 05:00:00,6.632
2011-03-17 06:00:00,32.168
2011-03-17 07:00:00,125.27
2011-03-17 08:00:00,234.269
2011-03-17 09:00:00,152.616
2011-03-17 10:00:00,134.948
2011-03-17 11:00:00,135.908
2011-03-17 12:00:00,124.86
2011-03-17 13:00:00,126.338
2011-03-17 14:00:00,121.806
2011-03-17 15:00:00,125.73
2011-03-17 16:00:00,174.484
2011-03-17 17:00:00,294.119
2011-03-17 18:00:00,226.081
2011-03-17 19:00:00,186.125
2011-03-17 20:00:00,117.216
2011-03-17 21:00:00,88.758
2011-03-17 22:00:00,58.363
2011-03-17 23:00:00,40.026
2011-03-18 00:00:00,31.698
2011-03-18 01:00:00,17.982
2011-03-18 02:00:00,8.056
2011-03-18 03:00:00,3.55
2011-03-18 05:00:00,6.988
2011-03-18 06:00:00,30.398
2011-03-18 07:00:00,122.938
2011-03-18 08:00:00,246.659
2011-03-18 09:00:00,182.763
2011-03-18 10:00:00,139.188
2011-03-18 11:00:00,160.782
2011-03-18 12:00:00,212.069
2011-03-18 13:00:00,214.978
2011-03-18 14:00:00,213.48
2011-03-18 15:00:00,210.835
2011-03-18 16:00:00,242.454
2011-03-18 17:00:00,345.179
2011-03-18 18:00:00,342.133
2011-03-18 19:00:00,291.632
2011-03-18 20:00:00,188.911
2011-03-18 21:00:00,161.276
2011-03-18 22:00:00,117.842
2011-03-18 23:00:00,113.143
2011-03-19 00:00:00,44.253
2011-03-19 01:00:00,32.643
2011-03-19 02:00:00,32.474
2011-03-19 03:00:00,29.25
2011-03-19 04:00:00,11.524
2011-03-19 05:00:00,13.284
2011-03-19 06:00:00,13.204
2011-03-19 07:00:00,48.046
2011-03-19 08:00:00,106.639
2011-03-19 09:00:00,120.672
2011-03-19 10:00:00,173.115
2011-03-19 11:00:00,180.576
2011-03-19 12:00:00,215.378
2011-03-19 13:00:00,209.449
2011-03-19 14:00:00,209.833
2011-03-19 15:00:00,210.452
2011-03-19 16:00:00,256.763
2011-03-19 17:00:00,239.995
2011-03-19 18:00:00,212.456
2011-03-19 19:00:00,184.291
2011-03-19 20:00:00,106.116
2011-03-19 21:00:00,76.045
2011-03-19 22:00:00,52.327
2011-03-19 23:00:00,37.792
2011-04-17 00:00:00,60.321
2011-04-17 01:00:00,47.291
2011-04-17 02:00:00,39.981
2011-04-17 03:00:00,25.142
2011-04-17 04:00:00,7.71
2011-04-17 05:00:00,6.572
2011-04-17 06:00:00,24.305
2011-04-17 07:00:00,71.093
2011-04-17 08:00:00,100.265
2011-04-17 09:00:00,120.827
2011-04-17 10:00:00,169.045
2011-04-17 11:00:00,206.783
2011-04-17 12:00:00,212.402
2011-04-17 13:00:00,257.707
2011-04-17 14:00:00,257.777
2011-04-17 15:00:00,259.725
2011-04-17 16:00:00,282.803
2011-04-17 17:00:00,328.996
2011-04-17 18:00:00,297.903
2011-04-17 19:00:00,257.557
2011-04-17 20:00:00,179.116
2011-04-17 21:00:00,134.153
2011-04-17 22:00:00,114.652
2011-04-17 23:00:00,55.217
2011-04-18 00:00:00,53.094
2011-04-18 01:00:00,31.138
2011-04-18 02:00:00,12.933
2011-04-18 03:00:00,9.185
2011-04-18 04:00:00,8.957
2011-04-18 05:00:00,14.655
2011-04-18 06:00:00,60.682
2011-04-18 07:00:00,185.858
2011-04-18 08:00:00,236.157
2011-04-18 09:00:00,150.585
2011-04-18 10:00:00,95.455
2011-04-18 11:00:00,110.104
2011-04-18 12:00:00,125.958
2011-04-18 13:00:00,128.205
2011-04-18 14:00:00,127.228
2011-04-18 15:00:00,132.48
2011-04-18 16:00:00,208.761
2011-04-18 17:00:00,383.786
2011-04-18 18:00:00,374.726
2011-04-18 19:00:00,275.788
2011-04-18 20:00:00,196.64
2011-04-18 21:00:00,160.393
2011-04-18 22:00:00,106.715
2011-04-18 23:00:00,66.988
2011-04-19 00:00:00,43.461
2011-04-19 01:00:00,22.974
2011-04-19 02:00:00,11.838
2011-04-19 03:00:00,8.129
2011-04-19 04:00:00,8.847
2011-04-19 05:00:00,15.298
2011-04-19 06:00:00,60.214
2011-04-19 07:00:00,207.811
2011-04-19 08:00:00,364.874
2011-04-19 09:00:00,145.561
2011-04-19 10:00:00,91.844
2011-04-19 11:00:00,105.786
2011-04-19 12:00:00,112.544
2011-04-19 13:00:00,113.902
2011-04-19 14:00:00,110.194
2011-04-19 15:00:00,111.668
2011-04-19 16:00:00,204.844
2011-04-19 17:00:00,357.993
2011-04-19 18:00:00,345.672
2011-04-19 19:00:00,245.723
2011-04-19 20:00:00,191.806
2011-04-19 21:00:00,151.908
2011-04-19 22:00:00,108.131
2011-04-19 23:00:00,48.088
2011-05-17 00:00:00,32.767
2011-05-17 01:00:00,13.543
2011-05-17 02:00:00,9.125
2011-05-17 03:00:00,3.122
2011-05-17 04:00:00,4.301
2011-05-17 05:00:00,16.013
2011-05-17 06:00:00,79.279
2011-05-17 07:00:00,285.201
2011-05-17 08:00:00,317.676
2011-05-17 09:00:00,195.838
2011-05-17 10:00:00,101.456
2011-05-17 11:00:00,112.366
2011-05-17 12:00:00,81.781
2011-05-17 13:00:00,126.349
2011-05-17 14:00:00,166.465
2011-05-17 15:00:00,166.171
2011-05-17 16:00:00,296.677
2011-05-17 17:00:00,489.061
2011-05-17 18:00:00,458.067
2011-05-17 19:00:00,372.524
2011-05-17 20:00:00,213.071
2011-05-17 21:00:00,160.248
2011-05-17 22:00:00,114.208
2011-05-17 23:00:00,72.829
2011-05-18 00:00:00,36.048
2011-05-18 01:00:00,15.683
2011-05-18 02:00:00,10.326
2011-05-18 03:00:00,3.129
2011-05-18 04:00:00,4.29
2011-05-18 05:00:00,23.463
2011-05-18 06:00:00,84.227
2011-05-18 07:00:00,292.209
2011-05-18 08:00:00,368.257
2011-05-18 09:00:00,161.591
2011-05-18 10:00:00,100.465
2011-05-18 11:00:00,112.997
2011-05-18 12:00:00,111.587
2011-05-18 13:00:00,125.587
2011-05-18 14:00:00,153.406
2011-05-18 15:00:00,156.31
2011-05-18 16:00:00,271.47
2011-05-18 17:00:00,450.718
2011-05-18 18:00:00,388.855
2011-05-18 19:00:00,283.729
2011-05-18 20:00:00,166.623
2011-05-18 21:00:00,157.644
2011-05-18 22:00:00,147.073
2011-05-18 23:00:00,80.159
2011-05-19 00:00:00,36.732
2011-05-19 01:00:00,15.558
2011-05-19 02:00:00,13.262
2011-05-19 03:00:00,4.885
2011-05-19 04:00:00,5.171
2011-05-19 05:00:00,24.609
2011-05-19 06:00:00,90.712
2011-05-19 07:00:00,272.167
2011-05-19 08:00:00,365.391
2011-05-19 09:00:00,201.367
2011-05-19 10:00:00,116.016
2011-05-19 11:00:00,115.502
2011-05-19 12:00:00,174.052
2011-05-19 13:00:00,162.599
2011-05-19 14:00:00,139.763
2011-05-19 15:00:00,154.867
2011-05-19 16:00:00,293.338
2011-05-19 17:00:00,353.822
2011-05-19 18:00:00,479.914
2011-05-19 19:00:00,373.559
2011-05-19 20:00:00,225.953
2011-05-19 21:00:00,197.32
2011-05-19 22:00:00,125.008
2011-05-19 23:00:00,94.263
2011-06-17 00:00:00,61.768
2011-06-17 01:00:00,22.649
2011-06-17 02:00:00,16.97
2011-06-17 03:00:00,5.43
2011-06-17 04:00:00,5.352
2011-06-17 05:00:00,24.597
2011-06-17 06:00:00,86.166
2011-06-17 07:00:00,296.305
2011-06-17 08:00:00,423.043
2011-06-17 09:00:00,214.752
2011-06-17 10:00:00,156.05
2011-06-17 11:00:00,182.347
2011-06-17 12:00:00,224.271
2011-06-17 13:00:00,220.48
2011-06-17 14:00:00,228.591
2011-06-17 15:00:00,225.368
2011-06-17 16:00:00,352.175
2011-06-17 17:00:00,512.289
2011-06-17 18:00:00,475.316
2011-06-17 19:00:00,279.594
2011-06-17 20:00:00,227.672
2011-06-17 21:00:00,223.892
2011-06-17 22:00:00,140.15
2011-06-17 23:00:00,133.56
2011-06-18 00:00:00,112.254
2011-06-18 01:00:00,84.382
2011-06-18 02:00:00,59.442
2011-06-18 03:00:00,29.029
2011-06-18 04:00:00,12.463
2011-06-18 05:00:00,12.816
2011-06-18 06:00:00,34.696
2011-06-18 07:00:00,52.192
2011-06-18 08:00:00,114.215
2011-06-18 09:00:00,219.701
2011-06-18 10:00:00,301.586
2011-06-18 11:00:00,362.628
2011-06-18 12:00:00,405.641
2011-06-18 13:00:00,447.425
2011-06-18 14:00:00,440.708
2011-06-18 15:00:00,426.745
2011-06-18 16:00:00,412.76
2011-06-18 17:00:00,376.459
2011-06-18 18:00:00,342.817
2011-06-18 19:00:00,347.645
2011-06-18 20:00:00,278.526
2011-06-18 21:00:00,214.86
2011-06-18 22:00:00,194.455
2011-06-18 23:00:00,145.434
2011-06-19 00:00:00,124.176
2011-06-19 01:00:00,86.633
2011-06-19 02:00:00,78.33
2011-06-19 03:00:00,34.271
2011-06-19 04:00:00,11.874
2011-06-19 05:00:00,12.371
2011-06-19 06:00:00,25.583
2011-06-19 07:00:00,38.538
2011-06-19 08:00:00,109.845
2011-06-19 09:00:00,184.832
2011-06-19 10:00:00,298.078
2011-06-19 11:00:00,363.667
2011-06-19 12:00:00,419.919
2011-06-19 13:00:00,440.122
2011-06-19 14:00:00,388.854
2011-06-19 15:00:00,420.079
2011-06-19 16:00:00,413.221
2011-06-19 17:00:00,387.424
2011-06-19 18:00:00,331.719
2011-06-19 19:00:00,343.534
2011-06-19 20:00:00,273.358
2011-06-19 21:00:00,191.221
2011-06-19 22:00:00,160.586
2011-06-19 23:00:00,98.071
2011-07-17 00:00:00,118.949
2011-07-17 01:00:00,85.613
2011-07-17 02:00:00,67.881
2011-07-17 03:00:00,35.451
2011-07-17 04:00:00,12.863
2011-07-17 05:00:00,11.889
2011-07-17 06:00:00,25.911
2011-07-17 07:00:00,42.197
2011-07-17 08:00:00,93.186
2011-07-17 09:00:00,187.718
2011-07-17 10:00:00,302.144
2011-07-17 11:00:00,371.559
2011-07-17 12:00:00,434.859
2011-07-17 13:00:00,451.548
2011-07-17 14:00:00,441.542
2011-07-17 15:00:00,425.792
2011-07-17 16:00:00,415.963
2011-07-17 17:00:00,415.443
2011-07-17 18:00:00,401.257
2011-07-17 19:00:00,366.076
2011-07-17 20:00:00,292.52
2011-07-17 21:00:00,228.877
2011-07-17 22:00:00,160.57
2011-07-17 23:00:00,90.553
2011-07-18 00:00:00,34.471
2011-07-18 01:00:00,14.233
2011-07-18 02:00:00,10.874
2011-07-18 03:00:00,6.09
2011-07-18 04:00:00,5.723
2011-07-18 05:00:00,25.46
2011-07-18 06:00:00,111.053
2011-07-18 07:00:00,309.016
2011-07-18 08:00:00,413.668
2011-07-18 09:00:00,211.226
2011-07-18 10:00:00,118.401
2011-07-18 11:00:00,151.879
2011-07-18 12:00:00,178.92
2011-07-18 13:00:00,177.077
2011-07-18 14:00:00,147.319
2011-07-18 15:00:00,145.548
2011-07-18 16:00:00,265.598
2011-07-18 17:00:00,524.395
2011-07-18 18:00:00,523.201
2011-07-18 19:00:00,384.829
2011-07-18 20:00:00,301.708
2011-07-18 21:00:00,207.493
2011-07-18 22:00:00,124.688
2011-07-18 23:00:00,82.3
2011-07-19 00:00:00,35.75
2011-07-19 01:00:00,15.98
2011-07-19 02:00:00,10.082
2011-07-19 03:00:00,5.233
2011-07-19 04:00:00,5.492
2011-07-19 05:00:00,19.912
2011-07-19 06:00:00,116.934
2011-07-19 07:00:00,324.396
2011-07-19 08:00:00,430.561
2011-07-19 09:00:00,206.351
2011-07-19 10:00:00,119.65
2011-07-19 11:00:00,146.968
2011-07-19 12:00:00,164.319
2011-07-19 13:00:00,151.159
2011-07-19 14:00:00,143.472
2011-07-19 15:00:00,144.551
2011-07-19 16:00:00,218.85
2011-07-19 17:00:00,489.234
2011-07-19 18:00:00,484.383
2011-07-19 19:00:00,374.575
2011-07-19 20:00:00,278.079
2011-07-19 21:00:00,229.769
2011-07-19 22:00:00,164.242
2011-07-19 23:00:00,74.964
2011-08-17 00:00:00,42.715
2011-08-17 01:00:00,17.903
2011-08-17 02:00:00,9.95
2011-08-17 03:00:00,6.298
2011-08-17 04:00:00,6.01
2011-08-17 05:00:00,27.574
2011-08-17 06:00:00,116.824
2011-08-17 07:00:00,327.318
2011-08-17 08:00:00,436.196
2011-08-17 09:00:00,207.713
2011-08-17 10:00:00,119.042
2011-08-17 11:00:00,157.255
2011-08-17 12:00:00,200.53
2011-08-17 13:00:00,191.331
2011-08-17 14:00:00,156.366
2011-08-17 15:00:00,164.967
2011-08-17 16:00:00,292.901
2011-08-17 17:00:00,565.176
2011-08-17 18:00:00,567.787
2011-08-17 19:00:00,385.663
2011-08-17 20:00:00,288.72
2011-08-17 21:00:00,212.706
2011-08-17 22:00:00,158.753
2011-08-17 23:00:00,94.151
2011-08-18 00:00:00,45.145
2011-08-18 01:00:00,22.361
2011-08-18 02:00:00,10.677
2011-08-18 03:00:00,6.475
2011-08-18 04:00:00,6.148
2011-08-18 05:00:00,27.34
2011-08-18 06:00:00,115.39
2011-08-18 07:00:00,329.684
2011-08-18 08:00:00,414.869
2011-08-18 09:00:00,218.24
2011-08-18 10:00:00,121.374
2011-08-18 11:00:00,159.706
2011-08-18 12:00:00,198.438
2011-08-18 13:00:00,187.169
2011-08-18 14:00:00,155.021
2011-08-18 15:00:00,167.768
2011-08-18 16:00:00,294.018
2011-08-18 17:00:00,508.348
2011-08-18 18:00:00,482.108
2011-08-18 19:00:00,308.094
2011-08-18 20:00:00,234.963
2011-08-18 21:00:00,200.463
2011-08-18 22:00:00,159.077
2011-08-18 23:00:00,113.43
2011-08-19 00:00:00,65.014
2011-08-19 01:00:00,22.195
2011-08-19 02:00:00,21.107
2011-08-19 03:00:00,6.771
2011-08-19 04:00:00,6.369
2011-08-19 05:00:00,26.872
2011-08-19 06:00:00,96.059
2011-08-19 07:00:00,298.823
2011-08-19 08:00:00,420.617
2011-08-19 09:00:00,212.598
2011-08-19 10:00:00,160.337
2011-08-19 11:00:00,179.918
2011-08-19 12:00:00,222.945
2011-08-19 13:00:00,224.277
2011-08-19 14:00:00,222.567
2011-08-19 15:00:00,225.123
2011-08-19 16:00:00,341.097
2011-08-19 17:00:00,543.668
2011-08-19 18:00:00,493.225
2011-08-19 19:00:00,292.334
2011-08-19 20:00:00,163.619
2011-08-19 21:00:00,178.164
2011-08-19 22:00:00,133.048
2011-08-19 23:00:00,111.503
2011-09-17 00:00:00,99.492
2011-09-17 01:00:00,70.734
2011-09-17 02:00:00,53.678
2011-09-17 03:00:00,28.136
2011-09-17 04:00:00,8.681
2011-09-17 05:00:00,10.24
2011-09-17 06:00:00,22.5
2011-09-17 07:00:00,65.609
2011-09-17 08:00:00,110.707
2011-09-17 09:00:00,191.35
2011-09-17 10:00:00,289.31
2011-09-17 11:00:00,317.152
2011-09-17 12:00:00,362.704
2011-09-17 13:00:00,350.625
2011-09-17 14:00:00,328.179
2011-09-17 15:00:00,332.683
2011-09-17 16:00:00,358.614
2011-09-17 17:00:00,273.631
2011-09-17 18:00:00,257.161
2011-09-17 19:00:00,267.214
2011-09-17 20:00:00,221.215
2011-09-17 21:00:00,165.372
2011-09-17 22:00:00,148.55
2011-09-17 23:00:00,89.499
2011-09-18 00:00:00,102.181
2011-09-18 01:00:00,73.742
2011-09-18 02:00:00,56.11
2011-09-18 03:00:00,30.036
2011-09-18 04:00:00,10.951
2011-09-18 05:00:00,12.479
2011-09-18 06:00:00,22.282
2011-09-18 07:00:00,64.487
2011-09-18 08:00:00,109.765
2011-09-18 09:00:00,186.46
2011-09-18 10:00:00,287.863
2011-09-18 11:00:00,330.855
2011-09-18 12:00:00,380.465
2011-09-18 13:00:00,410.793
2011-09-18 14:00:00,420.593
2011-09-18 15:00:00,414.381
2011-09-18 16:00:00,379.716
2011-09-18 17:00:00,356.719
2011-09-18 18:00:00,339.853
2011-09-18 19:00:00,271.812
2011-09-18 20:00:00,219.381
2011-09-18 21:00:00,148.949
2011-09-18 22:00:00,127.634
2011-09-18 23:00:00,80.649
2011-09-19 00:00:00,37.339
2011-09-19 01:00:00,13.407
2011-09-19 02:00:00,7.878
2011-09-19 03:00:00,5.379
2011-09-19 04:00:00,5.62
2011-09-19 05:00:00,20.205
2011-09-19 06:00:00,112.405
2011-09-19 07:00:00,298.11
2011-09-19 08:00:00,390.601
2011-09-19 09:00:00,217.736
2011-09-19 10:00:00,121.696
2011-09-19 11:00:00,148.283
2011-09-19 12:00:00,187.473
2011-09-19 13:00:00,182.527
2011-09-19 14:00:00,163.111
2011-09-19 15:00:00,168.54
2011-09-19 16:00:00,296.781
2011-09-19 17:00:00,521.286
2011-09-19 18:00:00,454.084
2011-09-19 19:00:00,350.055
2011-09-19 20:00:00,251.055
2011-09-19 21:00:00,187.811
2011-09-19 22:00:00,128.331
2011-09-19 23:00:00,74.789
2011-10-17 00:00:00,32.606
2011-10-17 01:00:00,12.974
2011-10-17 02:00:00,10.908
2011-10-17 03:00:00,6.479
2011-10-17 04:00:00,5.389
2011-10-17 05:00:00,25.912
2011-10-17 06:00:00,107.296
2011-10-17 07:00:00,303.399
2011-10-17 08:00:00,419.748
2011-10-17 09:00:00,222.197
2011-10-17 10:00:00,120.502
2011-10-17 11:00:00,142.397
2011-10-17 12:00:00,191.215
2011-10-17 13:00:00,190.623
2011-10-17 14:00:00,182.744
2011-10-17 15:00:00,172.584
2011-10-17 16:00:00,298.59
2011-10-17 17:00:00,501.726
2011-10-17 18:00:00,494.393
2011-10-17 19:00:00,305.779
2011-10-17 20:00:00,233.081
2011-10-17 21:00:00,165.256
2011-10-17 22:00:00,125.867
2011-10-17 23:00:00,70.715
2011-10-18 00:00:00,31.355
2011-10-18 01:00:00,11.398
2011-10-18 02:00:00,8.273
2011-10-18 03:00:00,5.496
2011-10-18 04:00:00,5.402
2011-10-18 05:00:00,20.117
2011-10-18 06:00:00,110.894
2011-10-18 07:00:00,298.852
2011-10-18 08:00:00,412.381
2011-10-18 09:00:00,221.724
2011-10-18 10:00:00,132.654
2011-10-18 11:00:00,143.105
2011-10-18 12:00:00,192.168
2011-10-18 13:00:00,195.502
2011-10-18 14:00:00,175.82
2011-10-18 15:00:00,180.748
2011-10-18 16:00:00,297.826
2011-10-18 17:00:00,520.367
2011-10-18 18:00:00,460.072
2011-10-18 19:00:00,324.902
2011-10-18 20:00:00,239.858
2011-10-18 21:00:00,173.159
2011-10-18 22:00:00,133.537
2011-10-18 23:00:00,71.55
2011-10-19 00:00:00,35.993
2011-10-19 01:00:00,12.083
2011-10-19 02:00:00,8.334
2011-10-19 04:00:00,5.453
2011-10-19 05:00:00,13.915
2011-10-19 06:00:00,98.778
2011-10-19 07:00:00,162.949
2011-10-19 08:00:00,350.477
2011-10-19 09:00:00,151.682
2011-10-19 10:00:00,92.387
2011-10-19 11:00:00,92.005
2011-10-19 12:00:00,78.975
2011-10-19 13:00:00,111.253
2011-10-19 14:00:00,79.171
2011-10-19 15:00:00,67.05
2011-10-19 16:00:00,149.813
2011-10-19 17:00:00,206.769
2011-10-19 18:00:00,165.987
2011-10-19 19:00:00,245.111
2011-10-19 20:00:00,107.921
2011-10-19 21:00:00,109.315
2011-10-19 22:00:00,104.276
2011-10-19 23:00:00,63.645
2011-11-17 00:00:00,29.248
2011-11-17 01:00:00,12.42
2011-11-17 02:00:00,8.262
2011-11-17 03:00:00,5.582
2011-11-17 04:00:00,5.033
2011-11-17 05:00:00,20.008
2011-11-17 06:00:00,82.269
2011-11-17 07:00:00,122.998
2011-11-17 08:00:00,156.977
2011-11-17 09:00:00,226.877
2011-11-17 10:00:00,121.238
2011-11-17 11:00:00,90.306
2011-11-17 12:00:00,142.642
2011-11-17 13:00:00,138.806
2011-11-17 14:00:00,135.14
2011-11-17 15:00:00,137.67
2011-11-17 16:00:00,225.69
2011-11-17 17:00:00,357.602
2011-11-17 18:00:00,331.315
2011-11-17 19:00:00,223.033
2011-11-17 20:00:00,169.166
2011-11-17 21:00:00,125.792
2011-11-17 22:00:00,89.853
2011-11-17 23:00:00,74.42
2011-11-18 00:00:00,45.338
2011-11-18 01:00:00,18.208
2011-11-18 02:00:00,17.382
2011-11-18 03:00:00,4.619
2011-11-18 04:00:00,3.674
2011-11-18 05:00:00,19.533
2011-11-18 06:00:00,79.906
2011-11-18 07:00:00,248.379
2011-11-18 08:00:00,397.762
2011-11-18 09:00:00,229.375
2011-11-18 10:00:00,143.331
2011-11-18 11:00:00,158.278
2011-11-18 12:00:00,186.242
2011-11-18 13:00:00,181.392
2011-11-18 14:00:00,178.759
2011-11-18 15:00:00,185.173
2011-11-18 16:00:00,240.516
2011-11-18 17:00:00,350.515
2011-11-18 18:00:00,325.506
2011-11-18 19:00:00,212.975
2011-11-18 20:00:00,163.254
2011-11-18 21:00:00,119.933
2011-11-18 22:00:00,91.138
2011-11-18 23:00:00,77.567
2011-11-19 00:00:00,73.392
2011-11-19 01:00:00,69.991
2011-11-19 02:00:00,50.242
2011-11-19 03:00:00,17.498
2011-11-19 04:00:00,6.547
2011-11-19 05:00:00,5.347
2011-11-19 06:00:00,18.142
2011-11-19 07:00:00,45.673
2011-11-19 08:00:00,96.019
2011-11-19 09:00:00,151.496
2011-11-19 10:00:00,216.232
2011-11-19 11:00:00,268.661
2011-11-19 12:00:00,328.747
2011-11-19 13:00:00,335.897
2011-11-19 14:00:00,338.454
2011-11-19 15:00:00,326.302
2011-11-19 16:00:00,314.499
2011-11-19 17:00:00,275.132
2011-11-19 18:00:00,214.206
2011-11-19 19:00:00,179.181
2011-11-19 20:00:00,130.729
2011-11-19 21:00:00,108.249
2011-11-19 22:00:00,101.849
2011-11-19 23:00:00,83.405
2011-12-17 00:00:00,74.3
2011-12-17 01:00:00,68.464
2011-12-17 02:00:00,58.18
2011-12-17 03:00:00,22.679
2011-12-17 04:00:00,5.431
2011-12-17 05:00:00,4.66
2011-12-17 06:00:00,16.954
2011-12-17 07:00:00,53.217
2011-12-17 08:00:00,97.056
2011-12-17 09:00:00,145.164
2011-12-17 10:00:00,195.638
2011-12-17 11:00:00,218.257
2011-12-17 12:00:00,257.351
2011-12-17 13:00:00,254.347
2011-12-17 14:00:00,258.17
2011-12-17 15:00:00,256.826
2011-12-17 16:00:00,231.692
2011-12-17 17:00:00,203.156
2011-12-17 18:00:00,180.969
2011-12-17 19:00:00,122.839
2011-12-17 20:00:00,107.769
2011-12-17 21:00:00,88.772
2011-12-17 22:00:00,74.506
2011-12-17 23:00:00,60.968
2011-12-18 00:00:00,76.712
2011-12-18 01:00:00,72.075
2011-12-18 02:00:00,56.791
2011-12-18 03:00:00,24.528
2011-12-18 04:00:00,6.494
2011-12-18 05:00:00,5.628
2011-12-18 06:00:00,13.211
2011-12-18 07:00:00,45.865
2011-12-18 08:00:00,89.958
2011-12-18 09:00:00,131.197
2011-12-18 10:00:00,194.183
2011-12-18 11:00:00,215.773
2011-12-18 12:00:00,251.076
2011-12-18 13:00:00,262.099
2011-12-18 14:00:00,259.436
2011-12-18 15:00:00,264.437
2011-12-18 16:00:00,226.339
2011-12-18 17:00:00,193.459
2011-12-18 18:00:00,171.436
2011-12-18 19:00:00,151.06
2011-12-18 20:00:00,101.026
2011-12-18 21:00:00,70.73
2011-12-18 22:00:00,53.013
2011-12-18 23:00:00,43.649
2011-12-19 00:00:00,29.027
2011-12-19 01:00:00,9.312
2011-12-19 02:00:00,5.949
2011-12-19 03:00:00,3.527
2011-12-19 04:00:00,4.33
2011-12-19 05:00:00,21.386
2011-12-19 06:00:00,79.508
2011-12-19 07:00:00,239.792
2011-12-19 08:00:00,392.466
2011-12-19 09:00:00,246.517
2011-12-19 10:00:00,125.698
2011-12-19 11:00:00,129.317
2011-12-19 12:00:00,142.798
2011-12-19 13:00:00,133.464
2011-12-19 14:00:00,139.9
2011-12-19 15:00:00,148.449
2011-12-19 16:00:00,225.203
2011-12-19 17:00:00,385.802
2011-12-19 18:00:00,379.139
2011-12-19 19:00:00,265.365
2011-12-19 20:00:00,179.588
2011-12-19 21:00:00,133.153
2011-12-19 22:00:00,99.057
2011-12-19 23:00:00,62.743
2012-01-17 00:00:00,20.062
2012-01-17 01:00:00,9.029
2012-01-17 02:00:00,5.137
2012-01-17 04:00:00,3.023
2012-01-17 05:00:00,20.404
2012-01-17 06:00:00,81.537
2012-01-17 07:00:00,223.536
2012-01-17 08:00:00,463.328
2012-01-17 09:00:00,173.415
2012-01-17 10:00:00,79.762
2012-01-17 11:00:00,120.294
2012-01-17 12:00:00,150.274
2012-01-17 13:00:00,155.655
2012-01-17 14:00:00,164.34
2012-01-17 15:00:00,168.708
2012-01-17 16:00:00,255.467
2012-01-17 17:00:00,465.029
2012-01-17 18:00:00,452.061
2012-01-17 19:00:00,321.041
2012-01-17 20:00:00,241.96
2012-01-17 21:00:00,164.612
2012-01-17 22:00:00,126.611
2012-01-17 23:00:00,71.911
2012-01-18 00:00:00,34.132
2012-01-18 01:00:00,17.244
2012-01-18 02:00:00,8.685
2012-01-18 03:00:00,6.554
2012-01-18 04:00:00,3.129
2012-01-18 05:00:00,19.439
2012-01-18 06:00:00,80.147
2012-01-18 07:00:00,228.642
2012-01-18 08:00:00,476.283
2012-01-18 09:00:00,225.6
2012-01-18 10:00:00,131.568
2012-01-18 11:00:00,132.488
2012-01-18 12:00:00,158.233
2012-01-18 13:00:00,162.254
2012-01-18 14:00:00,154.491
2012-01-18 15:00:00,158.476
2012-01-18 16:00:00,206.156
2012-01-18 17:00:00,246.519
2012-01-18 18:00:00,242.395
2012-01-18 19:00:00,195.832
2012-01-18 20:00:00,142.252
2012-01-18 21:00:00,90.067
2012-01-18 22:00:00,62.954
2012-01-18 23:00:00,52.561
2012-01-19 00:00:00,16.346
2012-01-19 01:00:00,6.553
2012-01-19 02:00:00,5.602
2012-01-19 03:00:00,2.746
2012-01-19 04:00:00,2.915
2012-01-19 05:00:00,18.272
2012-01-19 06:00:00,71.409
2012-01-19 07:00:00,182.261
2012-01-19 08:00:00,412.388
2012-01-19 09:00:00,177.113
2012-01-19 10:00:00,103.528
2012-01-19 11:00:00,114.524
2012-01-19 12:00:00,138.132
2012-01-19 13:00:00,148.594
2012-01-19 14:00:00,151.599
2012-01-19 15:00:00,155.214
2012-01-19 16:00:00,181.751
2012-01-19 17:00:00,243.439
2012-01-19 18:00:00,246.627
2012-01-19 19:00:00,194.592
2012-01-19 20:00:00,149.869
2012-01-19 21:00:00,104.189
2012-01-19 22:00:00,76.792
2012-01-19 23:00:00,63.376
2012-02-17 00:00:00,35.921
2012-02-17 01:00:00,12.541
2012-02-17 02:00:00,7.409
2012-02-17 03:00:00,3.528
2012-02-17 04:00:00,2.714
2012-02-17 05:00:00,20.659
2012-02-17 06:00:00,88.649
2012-02-17 07:00:00,278.208
2012-02-17 08:00:00,478.767
2012-02-17 09:00:00,222.408
2012-02-17 10:00:00,149.052
2012-02-17 11:00:00,157.969
2012-02-17 12:00:00,196.003
2012-02-17 13:00:00,204.841
2012-02-17 14:00:00,189.2
2012-02-17 15:00:00,188.881
2012-02-17 16:00:00,264.915
2012-02-17 17:00:00,479.862
2012-02-17 18:00:00,452.184
2012-02-17 19:00:00,287.044
2012-02-17 20:00:00,182.733
2012-02-17 21:00:00,147.891
2012-02-17 22:00:00,106.214
2012-02-17 23:00:00,72.54
2012-02-18 00:00:00,66.976
2012-02-18 01:00:00,51.558
2012-02-18 02:00:00,38.052
2012-02-18 03:00:00,17.976
2012-02-18 04:00:00,4.24
2012-02-18 05:00:00,3.713
2012-02-18 06:00:00,7.661
2012-02-18 07:00:00,30.114
2012-02-18 08:00:00,80.722
2012-02-18 09:00:00,125.845
2012-02-18 10:00:00,182.014
2012-02-18 11:00:00,209.761
2012-02-18 12:00:00,324.261
2012-02-18 13:00:00,340.981
2012-02-18 14:00:00,383.634
2012-02-18 15:00:00,352.605
2012-02-18 16:00:00,375.462
2012-02-18 17:00:00,435.702
2012-02-18 18:00:00,359.109
2012-02-18 19:00:00,252.922
2012-02-18 20:00:00,174.348
2012-02-18 21:00:00,146.71
2012-02-18 22:00:00,108.584
2012-02-18 23:00:00,70.514
2012-02-19 00:00:00,67.307
2012-02-19 01:00:00,57.989
2012-02-19 02:00:00,47.635
2012-02-19 03:00:00,22.621
2012-02-19 04:00:00,4.378
2012-02-19 05:00:00,3.703
2012-02-19 06:00:00,6.803
2012-02-19 07:00:00,26.403
2012-02-19 08:00:00,59.378
2012-02-19 09:00:00,111.227
2012-02-19 10:00:00,157.318
2012-02-19 11:00:00,171.377
2012-02-19 12:00:00,197.36
2012-02-19 13:00:00,196.921
2012-02-19 14:00:00,222.936
2012-02-19 15:00:00,190.964
2012-02-19 16:00:00,220.47
2012-02-19 17:00:00,184.679
2012-02-19 18:00:00,170.584
2012-02-19 19:00:00,127.892
2012-02-19 20:00:00,118.607
2012-02-19 21:00:00,96.138
2012-02-19 22:00:00,103.557
2012-02-19 23:00:00,48.007
2012-03-17 00:00:00,66.214
2012-03-17 01:00:00,61.901
2012-03-17 02:00:00,46.193
2012-03-17 03:00:00,27.912
2012-03-17 04:00:00,11.292
2012-03-17 05:00:00,11.036
2012-03-17 06:00:00,14.676
2012-03-17 07:00:00,74.026
2012-03-17 08:00:00,159.757
2012-03-17 09:00:00,251.755
2012-03-17 10:00:00,375.324
2012-03-17 11:00:00,473.125
2012-03-17 12:00:00,506.63
2012-03-17 13:00:00,528.039
2012-03-17 14:00:00,540.789
2012-03-17 15:00:00,539.025
2012-03-17 16:00:00,515.72
2012-03-17 17:00:00,520.298
2012-03-17 18:00:00,465.127
2012-03-17 19:00:00,358.608
2012-03-17 20:00:00,269.286
2012-03-17 21:00:00,230.796
2012-03-17 22:00:00,188.804
2012-03-17 23:00:00,142.126
2012-03-18 00:00:00,70.282
2012-03-18 01:00:00,64.572
2012-03-18 02:00:00,52.966
2012-03-18 03:00:00,31.041
2012-03-18 04:00:00,12.015
2012-03-18 05:00:00,10.964
2012-03-18 06:00:00,13.117
2012-03-18 07:00:00,67.266
2012-03-18 08:00:00,117.68
2012-03-18 09:00:00,180.102
2012-03-18 10:00:00,275.241
2012-03-18 11:00:00,379.194
2012-03-18 12:00:00,361.597
2012-03-18 13:00:00,444.116
2012-03-18 14:00:00,508.253
2012-03-18 15:00:00,509.77
2012-03-18 16:00:00,491.096
2012-03-18 17:00:00,505.017
2012-03-18 18:00:00,443.211
2012-03-18 19:00:00,331.605
2012-03-18 20:00:00,253.345
2012-03-18 21:00:00,170.687
2012-03-18 22:00:00,130.343
2012-03-18 23:00:00,83.312
2012-03-19 00:00:00,38.288
2012-03-19 01:00:00,17.297
2012-03-19 02:00:00,7.359
2012-03-19 03:00:00,6.712
2012-03-19 04:00:00,7.315
2012-03-19 05:00:00,26.64
2012-03-19 06:00:00,114.679
2012-03-19 07:00:00,344.952
2012-03-19 08:00:00,599.719
2012-03-19 09:00:00,338.514
2012-03-19 10:00:00,170.665
2012-03-19 11:00:00,219.83
2012-03-19 12:00:00,266.591
2012-03-19 13:00:00,263.149
2012-03-19 14:00:00,247.344
2012-03-19 15:00:00,263.302
2012-03-19 16:00:00,372.105
2012-03-19 17:00:00,740.284
2012-03-19 18:00:00,737.836
2012-03-19 19:00:00,468.643
2012-03-19 20:00:00,336.634
2012-03-19 21:00:00,267.482
2012-03-19 22:00:00,150.113
2012-03-19 23:00:00,85.348
2012-04-17 00:00:00,48.784
2012-04-17 01:00:00,22.505
2012-04-17 02:00:00,13.928
2012-04-17 03:00:00,6.087
2012-04-17 04:00:00,7.651
2012-04-17 05:00:00,27.325
2012-04-17 06:00:00,103.788
2012-04-17 07:00:00,349.057
2012-04-17 08:00:00,607.985
2012-04-17 09:00:00,324.552
2012-04-17 10:00:00,181.568
2012-04-17 11:00:00,237.635
2012-04-17 12:00:00,274.221
2012-04-17 13:00:00,267.387
2012-04-17 14:00:00,234.493
2012-04-17 15:00:00,252.626
2012-04-17 16:00:00,405.656
2012-04-17 17:00:00,762.228
2012-04-17 18:00:00,752.522
2012-04-17 19:00:00,489.701
2012-04-17 20:00:00,356.462
2012-04-17 21:00:00,255.708
2012-04-17 22:00:00,170.798
2012-04-17 23:00:00,105.693
2012-04-18 00:00:00,50.264
2012-04-18 01:00:00,22.827
2012-04-18 02:00:00,13.315
2012-04-18 03:00:00,6.877
2012-04-18 04:00:00,6.993
2012-04-18 05:00:00,26.204
2012-04-18 06:00:00,106.033
2012-04-18 07:00:00,358.031
2012-04-18 08:00:00,387.034
2012-04-18 09:00:00,242.629
2012-04-18 10:00:00,183.374
2012-04-18 11:00:00,187.712
2012-04-18 12:00:00,212.21
2012-04-18 13:00:00,206.053
2012-04-18 14:00:00,185.738
2012-04-18 15:00:00,189.865
2012-04-18 16:00:00,317.514
2012-04-18 17:00:00,525.141
2012-04-18 18:00:00,519.209
2012-04-18 19:00:00,405.642
2012-04-18 20:00:00,334.87
2012-04-18 21:00:00,188.145
2012-04-18 22:00:00,169.398
2012-04-18 23:00:00,140.053
2012-04-19 00:00:00,46.024
2012-04-19 01:00:00,21.562
2012-04-19 02:00:00,13.633
2012-04-19 03:00:00,5.127
2012-04-19 04:00:00,5.23
2012-04-19 05:00:00,27.226
2012-04-19 06:00:00,108.741
2012-04-19 07:00:00,345.153
2012-04-19 08:00:00,627.9
2012-04-19 09:00:00,325.381
2012-04-19 10:00:00,172.03
2012-04-19 11:00:00,240.615
2012-04-19 12:00:00,279.057
2012-04-19 13:00:00,272.421
2012-04-19 14:00:00,240.974
2012-04-19 15:00:00,254.809
2012-04-19 16:00:00,385.335
2012-04-19 17:00:00,752.444
2012-04-19 18:00:00,750.159
2012-04-19 19:00:00,474.101
2012-04-19 20:00:00,344.493
2012-04-19 21:00:00,226.032
2012-04-19 22:00:00,197.5
2012-04-19 23:00:00,137.756
2012-05-17 00:00:00,56.79
2012-05-17 01:00:00,20.933
2012-05-17 02:00:00,13.358
2012-05-17 03:00:00,5.164
2012-05-17 04:00:00,5.469
2012-05-17 05:00:00,31.603
2012-05-17 06:00:00,154.304
2012-05-17 07:00:00,460.521
2012-05-17 08:00:00,644.174
2012-05-17 09:00:00,344.077
2012-05-17 10:00:00,182.716
2012-05-17 11:00:00,248.37
2012-05-17 12:00:00,321.959
2012-05-17 13:00:00,317.993
2012-05-17 14:00:00,276.078
2012-05-17 15:00:00,285.204
2012-05-17 16:00:00,414.052
2012-05-17 17:00:00,825.955
2012-05-17 18:00:00,793.122
2012-05-17 19:00:00,578.339
2012-05-17 20:00:00,405.056
2012-05-17 21:00:00,291.148
2012-05-17 22:00:00,236.66
2012-05-17 23:00:00,160.393
2012-05-18 00:00:00,73.341
2012-05-18 01:00:00,41.838
2012-05-18 02:00:00,21.939
2012-05-18 03:00:00,8.303
2012-05-18 04:00:00,8.364
2012-05-18 05:00:00,30.634
2012-05-18 06:00:00,146.745
2012-05-18 07:00:00,394.574
2012-05-18 08:00:00,642.137
2012-05-18 09:00:00,353.714
2012-05-18 10:00:00,236.869
2012-05-18 11:00:00,280.402
2012-05-18 12:00:00,374.557
2012-05-18 13:00:00,371.301
2012-05-18 14:00:00,365.853
2012-05-18 15:00:00,377.425
2012-05-18 16:00:00,504.898
2012-05-18 17:00:00,800.569
2012-05-18 18:00:00,756.778
2012-05-18 19:00:00,502.053
2012-05-18 20:00:00,358.242
2012-05-18 21:00:00,306.368
2012-05-18 22:00:00,247.286
2012-05-18 23:00:00,177.386
2012-05-19 00:00:00,137.504
2012-05-19 01:00:00,100.456
2012-05-19 02:00:00,68.592
2012-05-19 03:00:00,34.688
2012-05-19 04:00:00,10.61
2012-05-19 05:00:00,13.047
2012-05-19 06:00:00,37.146
2012-05-19 07:00:00,74.273
2012-05-19 08:00:00,199.974
2012-05-19 09:00:00,334.348
2012-05-19 10:00:00,413.686
2012-05-19 11:00:00,551.162
2012-05-19 12:00:00,613.583
2012-05-19 13:00:00,618.037
2012-05-19 14:00:00,597.442
2012-05-19 15:00:00,591.399
2012-05-19 16:00:00,553.394
2012-05-19 17:00:00,609.941
2012-05-19 18:00:00,587.374
2012-05-19 19:00:00,457.934
2012-05-19 20:00:00,323.074
2012-05-19 21:00:00,293.607
2012-05-19 22:00:00,263.955
2012-05-19 23:00:00,187.483
2012-06-17 00:00:00,143.639
2012-06-17 01:00:00,106.124
2012-06-17 02:00:00,79.511
2012-06-17 03:00:00,35.789
2012-06-17 04:00:00,11.171
2012-06-17 05:00:00,17.365
2012-06-17 06:00:00,30.89
2012-06-17 07:00:00,63.815
2012-06-17 08:00:00,164.55
2012-06-17 09:00:00,271.499
2012-06-17 10:00:00,391.495
2012-06-17 11:00:00,482.808
2012-06-17 12:00:00,557.39
2012-06-17 13:00:00,595.024
2012-06-17 14:00:00,586.899
2012-06-17 15:00:00,581.223
2012-06-17 16:00:00,557.264
2012-06-17 17:00:00,516.014
2012-06-17 18:00:00,467.654
2012-06-17 19:00:00,387.403
2012-06-17 20:00:00,318.036
2012-06-17 21:00:00,233.53
2012-06-17 22:00:00,159.589
2012-06-17 23:00:00,99.477
2012-06-18 00:00:00,50.808
2012-06-18 01:00:00,17.798
2012-06-18 02:00:00,11.374
2012-06-18 03:00:00,5.931
2012-06-18 04:00:00,7.577
2012-06-18 05:00:00,37.041
2012-06-18 06:00:00,62.695
2012-06-18 07:00:00,142.831
2012-06-18 08:00:00,537.447
2012-06-18 09:00:00,346.778
2012-06-18 10:00:00,106.072
2012-06-18 11:00:00,138.873
2012-06-18 12:00:00,223.491
2012-06-18 13:00:00,216.407
2012-06-18 14:00:00,256.414
2012-06-18 15:00:00,258.26
2012-06-18 16:00:00,397.385
2012-06-18 17:00:00,764.957
2012-06-18 18:00:00,759.348
2012-06-18 19:00:00,519.698
2012-06-18 20:00:00,366.671
2012-06-18 21:00:00,256.446
2012-06-18 22:00:00,187.48
2012-06-18 23:00:00,93.683
2012-06-19 00:00:00,36.665
2012-06-19 01:00:00,17.308
2012-06-19 02:00:00,10.331
2012-06-19 03:00:00,5.727
2012-06-19 04:00:00,6.929
2012-06-19 05:00:00,38.817
2012-06-19 06:00:00,166.672
2012-06-19 07:00:00,466.148
2012-06-19 08:00:00,648.079
2012-06-19 09:00:00,349.936
2012-06-19 10:00:00,183.552
2012-06-19 11:00:00,224.671
2012-06-19 12:00:00,287.288
2012-06-19 13:00:00,287.552
2012-06-19 14:00:00,257.456
2012-06-19 15:00:00,272.055
2012-06-19 16:00:00,425.158
2012-06-19 17:00:00,822.112
2012-06-19 18:00:00,808.534
2012-06-19 19:00:00,583.146
2012-06-19 20:00:00,433.404
2012-06-19 21:00:00,316.674
2012-06-19 22:00:00,200.009
2012-06-19 23:00:00,139.176
2012-07-17 00:00:00,53.887
2012-07-17 01:00:00,16.885
2012-07-17 02:00:00,11.727
2012-07-17 03:00:00,6.114
2012-07-17 04:00:00,7.821
2012-07-17 05:00:00,44.612
2012-07-17 06:00:00,162.625
2012-07-17 07:00:00,455.824
2012-07-17 08:00:00,622.151
2012-07-17 09:00:00,318.873
2012-07-17 10:00:00,202.249
2012-07-17 11:00:00,226.112
2012-07-17 12:00:00,282.887
2012-07-17 13:00:00,280.313
2012-07-17 14:00:00,253.593
2012-07-17 15:00:00,268.605
2012-07-17 16:00:00,436.703
2012-07-17 17:00:00,725.595
2012-07-17 18:00:00,706.089
2012-07-17 19:00:00,559.125
2012-07-17 20:00:00,432.776
2012-07-17 21:00:00,332.525
2012-07-17 22:00:00,265.372
2012-07-17 23:00:00,154.119
2012-07-18 00:00:00,59.851
2012-07-18 01:00:00,24.295
2012-07-18 02:00:00,11.462
2012-07-18 03:00:00,6.711
2012-07-18 04:00:00,7.644
2012-07-18 05:00:00,40.362
2012-07-18 06:00:00,167.683
2012-07-18 07:00:00,461.119
2012-07-18 08:00:00,634.588
2012-07-18 09:00:00,333.788
2012-07-18 10:00:00,199.351
2012-07-18 11:00:00,231.785
2012-07-18 12:00:00,301.175
2012-07-18 13:00:00,296.981
2012-07-18 14:00:00,243.332
2012-07-18 15:00:00,244.908
2012-07-18 16:00:00,426.24
2012-07-18 17:00:00,805.257
2012-07-18 18:00:00,811.081
2012-07-18 19:00:00,617.05
2012-07-18 20:00:00,473.264
2012-07-18 21:00:00,352.243
2012-07-18 22:00:00,260.825
2012-07-18 23:00:00,160.601
2012-07-19 00:00:00,67.861
2012-07-19 01:00:00,25.744
2012-07-19 02:00:00,12.533
2012-07-19 03:00:00,6.941
2012-07-19 04:00:00,7.494
2012-07-19 05:00:00,39.757
2012-07-19 06:00:00,163.377
2012-07-19 07:00:00,457.369
2012-07-19 08:00:00,658.322
2012-07-19 09:00:00,348.501
2012-07-19 10:00:00,197.881
2012-07-19 11:00:00,239.363
2012-07-19 12:00:00,294.698
2012-07-19 13:00:00,290.671
2012-07-19 14:00:00,238.469
2012-07-19 15:00:00,263.813
2012-07-19 16:00:00,423.789
2012-07-19 17:00:00,769.028
2012-07-19 18:00:00,755.819
2012-07-19 19:00:00,578.749
2012-07-19 20:00:00,478.47
2012-07-19 21:00:00,134.467
2012-07-19 22:00:00,138.776
2012-07-19 23:00:00,174.109
2012-08-17 00:00:00,85.231
2012-08-17 01:00:00,42.841
2012-08-17 02:00:00,24.17
2012-08-17 03:00:00,8.093
2012-08-17 04:00:00,8.882
2012-08-17 05:00:00,39.432
2012-08-17 06:00:00,153.878
2012-08-17 07:00:00,441.535
2012-08-17 08:00:00,679.412
2012-08-17 09:00:00,372.965
2012-08-17 10:00:00,252.077
2012-08-17 11:00:00,283.946
2012-08-17 12:00:00,366.412
2012-08-17 13:00:00,356.615
2012-08-17 14:00:00,350.474
2012-08-17 15:00:00,353.811
2012-08-17 16:00:00,487.165
2012-08-17 17:00:00,814.823
2012-08-17 18:00:00,761.127
2012-08-17 19:00:00,508.859
2012-08-17 20:00:00,385.85
2012-08-17 21:00:00,284.301
2012-08-17 22:00:00,158.265
2012-08-17 23:00:00,177.401
2012-08-18 00:00:00,148.063
2012-08-18 01:00:00,128.41
2012-08-18 02:00:00,88.306
2012-08-18 03:00:00,35.078
2012-08-18 04:00:00,11.279
2012-08-18 05:00:00,16.093
2012-08-18 06:00:00,35.187
2012-08-18 07:00:00,70.207
2012-08-18 08:00:00,189.002
2012-08-18 09:00:00,304.197
2012-08-18 10:00:00,411.156
2012-08-18 11:00:00,509.251
2012-08-18 12:00:00,555.743
2012-08-18 13:00:00,569.224
2012-08-18 14:00:00,573.434
2012-08-18 15:00:00,567.897
2012-08-18 16:00:00,533.03
2012-08-18 17:00:00,583.889
2012-08-18 18:00:00,564.685
2012-08-18 19:00:00,435.643
2012-08-18 20:00:00,321.417
2012-08-18 21:00:00,279.36
2012-08-18 22:00:00,253.765
2012-08-18 23:00:00,197.992
2012-08-19 00:00:00,162.08
2012-08-19 01:00:00,115.164
2012-08-19 02:00:00,88.788
2012-08-19 03:00:00,41.962
2012-08-19 04:00:00,10.389
2012-08-19 05:00:00,13.603
2012-08-19 06:00:00,25.176
2012-08-19 07:00:00,58.402
2012-08-19 08:00:00,153.482
2012-08-19 09:00:00,253.395
2012-08-19 10:00:00,380.757
2012-08-19 11:00:00,456.386
2012-08-19 12:00:00,494.984
2012-08-19 13:00:00,495.609
2012-08-19 14:00:00,493.494
2012-08-19 15:00:00,543.232
2012-08-19 16:00:00,551.427
2012-08-19 17:00:00,417.105
2012-08-19 18:00:00,361.315
2012-08-19 19:00:00,362.911
2012-08-19 20:00:00,273.874
2012-08-19 21:00:00,137.118
2012-08-19 22:00:00,151.934
2012-08-19 23:00:00,95.428
2012-09-17 00:00:00,45.054
2012-09-17 01:00:00,17.714
2012-09-17 02:00:00,9.419
2012-09-17 03:00:00,6.225
2012-09-17 04:00:00,7.986
2012-09-17 05:00:00,46.385
2012-09-17 06:00:00,164.924
2012-09-17 07:00:00,504.397
2012-09-17 08:00:00,761.42
2012-09-17 09:00:00,349.922
2012-09-17 10:00:00,207.966
2012-09-17 11:00:00,232.67
2012-09-17 12:00:00,305.931
2012-09-17 13:00:00,300.633
2012-09-17 14:00:00,288.238
2012-09-17 15:00:00,303.705
2012-09-17 16:00:00,445.385
2012-09-17 17:00:00,819.723
2012-09-17 18:00:00,794.931
2012-09-17 19:00:00,528.655
2012-09-17 20:00:00,367.495
2012-09-17 21:00:00,170.514
2012-09-17 22:00:00,159.129
2012-09-17 23:00:00,98.796
2012-09-18 00:00:00,38.345
2012-09-18 01:00:00,16.081
2012-09-18 02:00:00,10.031
2012-09-18 03:00:00,6.105
2012-09-18 04:00:00,7.185
2012-09-18 05:00:00,42.378
2012-09-18 06:00:00,176.754
2012-09-18 07:00:00,377.124
2012-09-18 08:00:00,721.903
2012-09-18 09:00:00,356.266
2012-09-18 10:00:00,209.692
2012-09-18 11:00:00,215.898
2012-09-18 12:00:00,133.573
2012-09-18 13:00:00,227.342
2012-09-18 14:00:00,139.838
2012-09-18 15:00:00,168.204
2012-09-18 16:00:00,325.536
2012-09-18 17:00:00,680.399
2012-09-18 18:00:00,677.175
2012-09-18 19:00:00,413.423
2012-09-18 20:00:00,285.04
2012-09-18 21:00:00,217.538
2012-09-18 22:00:00,146.943
2012-09-18 23:00:00,99.235
2012-09-19 00:00:00,47.623
2012-09-19 01:00:00,21.492
2012-09-19 02:00:00,10.137
2012-09-19 03:00:00,6.482
2012-09-19 04:00:00,6.584
2012-09-19 05:00:00,47.269
2012-09-19 06:00:00,180.49
2012-09-19 07:00:00,512.92
2012-09-19 08:00:00,784.403
2012-09-19 09:00:00,352.235
2012-09-19 10:00:00,209.79
2012-09-19 11:00:00,248.789
2012-09-19 12:00:00,314.295
2012-09-19 13:00:00,303.871
2012-09-19 14:00:00,293.395
2012-09-19 15:00:00,335.005
2012-09-19 16:00:00,491.038
2012-09-19 17:00:00,921.369
2012-09-19 18:00:00,910.106
2012-09-19 19:00:00,586.173
2012-09-19 20:00:00,401.897
2012-09-19 21:00:00,258.614
2012-09-19 22:00:00,211.088
2012-09-19 23:00:00,143.369
2012-10-17 00:00:00,40.851
2012-10-17 01:00:00,16.161
2012-10-17 02:00:00,6.83
2012-10-17 03:00:00,4.837
2012-10-17 04:00:00,6.602
2012-10-17 05:00:00,33.651
2012-10-17 06:00:00,158.489
2012-10-17 07:00:00,412.393
2012-10-17 08:00:00,714.035
2012-10-17 09:00:00,348.257
2012-10-17 10:00:00,175.12
2012-10-17 11:00:00,248.344
2012-10-17 12:00:00,325.769
2012-10-17 13:00:00,314.219
2012-10-17 14:00:00,300.994
2012-10-17 15:00:00,332.832
2012-10-17 16:00:00,466.071
2012-10-17 17:00:00,842.992
2012-10-17 18:00:00,807.243
2012-10-17 19:00:00,518.348
2012-10-17 20:00:00,365.821
2012-10-17 21:00:00,206.636
2012-10-17 22:00:00,177.572
2012-10-17 23:00:00,149.875
2012-10-18 00:00:00,51.974
2012-10-18 01:00:00,17.198
2012-10-18 02:00:00,10.13
2012-10-18 03:00:00,5.531
2012-10-18 04:00:00,6.385
2012-10-18 05:00:00,47.666
2012-10-18 06:00:00,164.831
2012-10-18 07:00:00,448.617
2012-10-18 08:00:00,755.391
2012-10-18 09:00:00,357.497
2012-10-18 10:00:00,214.972
2012-10-18 11:00:00,251.992
2012-10-18 12:00:00,323.349
2012-10-18 13:00:00,316.638
2012-10-18 14:00:00,295.362
2012-10-18 15:00:00,327.255
2012-10-18 16:00:00,471.646
2012-10-18 17:00:00,811.282
2012-10-18 18:00:00,783.444
2012-10-18 19:00:00,541.985
2012-10-18 20:00:00,349.411
2012-10-18 21:00:00,236.271
2012-10-18 22:00:00,189.066
2012-10-18 23:00:00,183.629
2012-10-19 00:00:00,79.104
2012-10-19 01:00:00,40.187
2012-10-19 02:00:00,12.489
2012-10-19 03:00:00,7.367
2012-10-19 04:00:00,8.081
2012-10-19 05:00:00,43.411
2012-10-19 06:00:00,63.537
2012-10-19 07:00:00,181.291
2012-10-19 08:00:00,698.503
2012-10-19 09:00:00,287.69
2012-10-19 10:00:00,223.51
2012-10-19 11:00:00,236.254
2012-10-19 12:00:00,320.769
2012-10-19 13:00:00,295.024
2012-10-19 14:00:00,320.173
2012-10-19 15:00:00,318.66
2012-10-19 16:00:00,427.7
2012-10-19 17:00:00,773.361
2012-10-19 18:00:00,636.222
2012-10-19 19:00:00,392.902
2012-10-19 20:00:00,341.079
2012-10-19 21:00:00,238.638
2012-10-19 22:00:00,207.734
2012-10-19 23:00:00,154.42
2012-11-17 00:00:00,125.377
2012-11-17 01:00:00,107.927
2012-11-17 02:00:00,57.285
2012-11-17 03:00:00,20.151
2012-11-17 04:00:00,7.789
2012-11-17 05:00:00,6.849
2012-11-17 06:00:00,21.591
2012-11-17 07:00:00,64.426
2012-11-17 08:00:00,145.888
2012-11-17 09:00:00,248.261
2012-11-17 10:00:00,331.503
2012-11-17 11:00:00,438.089
2012-11-17 12:00:00,476.387
2012-11-17 13:00:00,510.245
2012-11-17 14:00:00,507.65
2012-11-17 15:00:00,508.916
2012-11-17 16:00:00,430.573
2012-11-17 17:00:00,363.077
2012-11-17 18:00:00,303.268
2012-11-17 19:00:00,255.439
2012-11-17 20:00:00,208.331
2012-11-17 21:00:00,189.701
2012-11-17 22:00:00,156.204
2012-11-17 23:00:00,131.134
2012-11-18 00:00:00,111.485
2012-11-18 01:00:00,97.79
2012-11-18 02:00:00,61.14
2012-11-18 03:00:00,28.385
2012-11-18 04:00:00,10.548
2012-11-18 05:00:00,8.508
2012-11-18 06:00:00,21.75
2012-11-18 07:00:00,58.15
2012-11-18 08:00:00,127.578
2012-11-18 09:00:00,225.697
2012-11-18 10:00:00,323.099
2012-11-18 11:00:00,416.121
2012-11-18 12:00:00,443.966
2012-11-18 13:00:00,444.587
2012-11-18 14:00:00,438.027
2012-11-18 15:00:00,448.203
2012-11-18 16:00:00,406.921
2012-11-18 17:00:00,306.77
2012-11-18 18:00:00,237.596
2012-11-18 19:00:00,214.617
2012-11-18 20:00:00,166.766
2012-11-18 21:00:00,129.095
2012-11-18 22:00:00,101.804
2012-11-18 23:00:00,87.767
2012-11-19 00:00:00,35.449
2012-11-19 01:00:00,12.183
2012-11-19 02:00:00,6.051
2012-11-19 03:00:00,4.558
2012-11-19 04:00:00,7.434
2012-11-19 05:00:00,38.676
2012-11-19 06:00:00,145.025
2012-11-19 07:00:00,397.039
2012-11-19 08:00:00,706.97
2012-11-19 09:00:00,307.407
2012-11-19 10:00:00,151.407
2012-11-19 11:00:00,160.48
2012-11-19 12:00:00,215.931
2012-11-19 13:00:00,227.536
2012-11-19 14:00:00,212.515
2012-11-19 15:00:00,232.685
2012-11-19 16:00:00,348.15
2012-11-19 17:00:00,578.76
2012-11-19 18:00:00,552.56
2012-11-19 19:00:00,387.361
2012-11-19 20:00:00,278.126
2012-11-19 21:00:00,203.127
2012-11-19 22:00:00,146.757
2012-11-19 23:00:00,122.314
2012-12-17 00:00:00,29.947
2012-12-17 01:00:00,11.082
2012-12-17 02:00:00,8.26
2012-12-17 03:00:00,5.308
2012-12-17 04:00:00,6.991
2012-12-17 05:00:00,30.075
2012-12-17 06:00:00,124.642
2012-12-17 07:00:00,338.724
2012-12-17 08:00:00,642.588
2012-12-17 09:00:00,302.582
2012-12-17 10:00:00,154.001
2012-12-17 11:00:00,164.447
2012-12-17 12:00:00,239.019
2012-12-17 13:00:00,246.393
2012-12-17 14:00:00,235.654
2012-12-17 15:00:00,232.532
2012-12-17 16:00:00,329.091
2012-12-17 17:00:00,536.683
2012-12-17 18:00:00,487.81
2012-12-17 19:00:00,409.385
2012-12-17 20:00:00,324.644
2012-12-17 21:00:00,209.513
2012-12-17 22:00:00,145.65
2012-12-17 23:00:00,109.941
2012-12-18 00:00:00,32.735
2012-12-18 01:00:00,11.215
2012-12-18 02:00:00,9.099
2012-12-18 03:00:00,5.376
2012-12-18 04:00:00,7.036
2012-12-18 05:00:00,32.106
2012-12-18 06:00:00,126.309
2012-12-18 07:00:00,348.408
2012-12-18 08:00:00,643.123
2012-12-18 09:00:00,322.129
2012-12-18 10:00:00,152.971
2012-12-18 11:00:00,215.229
2012-12-18 12:00:00,270.815
2012-12-18 13:00:00,305.541
2012-12-18 14:00:00,248.636
2012-12-18 15:00:00,274.178
2012-12-18 16:00:00,374.456
2012-12-18 17:00:00,585.037
2012-12-18 18:00:00,501.38
2012-12-18 19:00:00,378.49
2012-12-18 20:00:00,269.408
2012-12-18 21:00:00,198.884
2012-12-18 22:00:00,136.536
2012-12-18 23:00:00,116.969
2012-12-19 00:00:00,53.588
2012-12-19 01:00:00,17.498
2012-12-19 02:00:00,6.133
2012-12-19 03:00:00,5.901
2012-12-19 04:00:00,6.393
2012-12-19 05:00:00,36.435
2012-12-19 06:00:00,119.881
2012-12-19 07:00:00,358.837
2012-12-19 08:00:00,564.094
2012-12-19 09:00:00,323.561
2012-12-19 10:00:00,155.092
2012-12-19 11:00:00,172.294
2012-12-19 12:00:00,241.868
2012-12-19 13:00:00,250.409
2012-12-19 14:00:00,233.185
2012-12-19 15:00:00,254.989
2012-12-19 16:00:00,368.31
2012-12-19 17:00:00,584.572
2012-12-19 18:00:00,501.176
2012-12-19 19:00:00,374.164
2012-12-19 20:00:00,273.589
2012-12-19 21:00:00,198.446
2012-12-19 22:00:00,150.106
2012-12-19 23:00:00,127.332
